[
  {
    "date": "2025-04-29",
    "home": "삼성",
    "away": "LG",
    "score": "6:2",
    "summary": "4번 타자 홈런 포함 3안타!"
  },
  {
    "date": "2025-04-29",
    "home": "두산",
    "away": "롯데",
    "score": "4:6",
    "summary": "연장 10회 접전 끝 승리!"
  },
  {
    "date": "2025-04-29",
    "home": "SSG",
    "away": "한화",
    "score": "7:3",
    "summary": "4번 타자 홈런 포함 3안타!"
  },
  {
    "date": "2025-04-29",
    "home": "키움",
    "away": "KT",
    "score": "5:4",
    "summary": "선발 투수 완봉승!"
  },
  {
    "date": "2025-04-29",
    "home": "NC",
    "away": "KIA",
    "score": "4:2",
    "summary": "수비 실책으로 통한의 역전패!"
  }
]