[
  {
    "date": "2025-04-08",
    "home": "삼성",
    "away": "LG",
    "score": "6:4",
    "summary": "연장 10회 접전 끝 승리!"
  },
  {
    "date": "2025-04-08",
    "home": "두산",
    "away": "롯데",
    "score": "3:4",
    "summary": "선발 투수 완봉승!"
  },
  {
    "date": "2025-04-08",
    "home": "SSG",
    "away": "한화",
    "score": "7:4",
    "summary": "중심 타선 폭발, 대승!"
  },
  {
    "date": "2025-04-08",
    "home": "키움",
    "away": "KT",
    "score": "7:2",
    "summary": "중심 타선 폭발, 대승!"
  },
  {
    "date": "2025-04-08",
    "home": "NC",
    "away": "KIA",
    "score": "3:5",
    "summary": "신인 선수 데뷔전 승리 견인!"
  }
]