[
  {
    "date": "2025-04-11",
    "home": "삼성",
    "away": "LG",
    "score": "6:3",
    "summary": "4번 타자 홈런 포함 3안타!"
  },
  {
    "date": "2025-04-11",
    "home": "두산",
    "away": "롯데",
    "score": "4:6",
    "summary": "경기 중 우천취소"
  },
  {
    "date": "2025-04-11",
    "home": "SSG",
    "away": "한화",
    "score": "5:5",
    "summary": "경기 중 우천취소"
  },
  {
    "date": "2025-04-11",
    "home": "키움",
    "away": "KT",
    "score": "7:2",
    "summary": "중심 타선 폭발, 대승!"
  },
  {
    "date": "2025-04-11",
    "home": "NC",
    "away": "KIA",
    "score": "6:3",
    "summary": "수비 실책으로 통한의 역전패!"
  }
]