[
  {
    "date": "2025-04-12",
    "home": "삼성",
    "away": "LG",
    "score": "7:4",
    "summary": "연장 10회 접전 끝 승리!"
  },
  {
    "date": "2025-04-12",
    "home": "두산",
    "away": "롯데",
    "score": "5:6",
    "summary": "선발 투수 완봉승!"
  },
  {
    "date": "2025-04-12",
    "home": "SSG",
    "away": "한화",
    "score": "5:4",
    "summary": "연장 10회 접전 끝 승리!"
  },
  {
    "date": "2025-04-12",
    "home": "키움",
    "away": "KT",
    "score": "5:6",
    "summary": "수비 실책으로 통한의 역전패!"
  },
  {
    "date": "2025-04-12",
    "home": "NC",
    "away": "KIA",
    "score": "3:3",
    "summary": "중심 타선 폭발, 대승!"
  }
]