[
  {
    "date": "2025-04-24",
    "home": "삼성",
    "away": "LG",
    "score": "4:5",
    "summary": "9회 역전승! 마무리의 호투!"
  },
  {
    "date": "2025-04-24",
    "home": "두산",
    "away": "롯데",
    "score": "3:5",
    "summary": "경기 중 우천취소"
  },
  {
    "date": "2025-04-24",
    "home": "SSG",
    "away": "한화",
    "score": "5:3",
    "summary": "신인 선수 데뷔전 승리 견인!"
  },
  {
    "date": "2025-04-24",
    "home": "키움",
    "away": "KT",
    "score": "7:5",
    "summary": "9회 역전승! 마무리의 호투!"
  },
  {
    "date": "2025-04-24",
    "home": "NC",
    "away": "KIA",
    "score": "7:4",
    "summary": "연장 10회 접전 끝 승리!"
  }
]