[
  {
    "date": "2025-04-18",
    "home": "삼성",
    "away": "LG",
    "score": "7:4",
    "summary": "9회 역전승! 마무리의 호투!"
  },
  {
    "date": "2025-04-18",
    "home": "두산",
    "away": "롯데",
    "score": "6:5",
    "summary": "연장 10회 접전 끝 승리!"
  },
  {
    "date": "2025-04-18",
    "home": "SSG",
    "away": "한화",
    "score": "5:5",
    "summary": "수비 실책으로 통한의 역전패!"
  },
  {
    "date": "2025-04-18",
    "home": "키움",
    "away": "KT",
    "score": "6:3",
    "summary": "9회 역전승! 마무리의 호투!"
  },
  {
    "date": "2025-04-18",
    "home": "NC",
    "away": "KIA",
    "score": "3:5",
    "summary": "중심 타선 폭발, 대승!"
  }
]