[
  {
    "date": "2025-04-20",
    "home": "삼성",
    "away": "LG",
    "score": "6:3",
    "summary": "9회 역전승! 마무리의 호투!"
  },
  {
    "date": "2025-04-20",
    "home": "두산",
    "away": "롯데",
    "score": "6:3",
    "summary": "9회 역전승! 마무리의 호투!"
  },
  {
    "date": "2025-04-20",
    "home": "SSG",
    "away": "한화",
    "score": "3:4",
    "summary": "선발 투수 완봉승!"
  },
  {
    "date": "2025-04-20",
    "home": "키움",
    "away": "KT",
    "score": "7:3",
    "summary": "연장 10회 접전 끝 승리!"
  },
  {
    "date": "2025-04-20",
    "home": "NC",
    "away": "KIA",
    "score": "5:5",
    "summary": "선발 투수 완봉승!"
  }
]