[
  {
    "date": "2025-04-01",
    "home": "삼성",
    "away": "LG",
    "score": "5:2",
    "summary": "선발 투수 완봉승!"
  },
  {
    "date": "2025-04-01",
    "home": "두산",
    "away": "롯데",
    "score": "4:3",
    "summary": "수비 실책으로 통한의 역전패!"
  },
  {
    "date": "2025-04-01",
    "home": "SSG",
    "away": "한화",
    "score": "3:3",
    "summary": "신인 선수 데뷔전 승리 견인!"
  },
  {
    "date": "2025-04-01",
    "home": "키움",
    "away": "KT",
    "score": "6:6",
    "summary": "연장 10회 접전 끝 승리!"
  },
  {
    "date": "2025-04-01",
    "home": "NC",
    "away": "KIA",
    "score": "5:6",
    "summary": "4번 타자 홈런 포함 3안타!"
  }
]