[
  {
    "date": "2025-04-09",
    "home": "삼성",
    "away": "LG",
    "score": "7:5",
    "summary": "경기 중 우천취소"
  },
  {
    "date": "2025-04-09",
    "home": "두산",
    "away": "롯데",
    "score": "6:3",
    "summary": "수비 실책으로 통한의 역전패!"
  },
  {
    "date": "2025-04-09",
    "home": "SSG",
    "away": "한화",
    "score": "7:5",
    "summary": "4번 타자 홈런 포함 3안타!"
  },
  {
    "date": "2025-04-09",
    "home": "키움",
    "away": "KT",
    "score": "6:5",
    "summary": "연장 10회 접전 끝 승리!"
  },
  {
    "date": "2025-04-09",
    "home": "NC",
    "away": "KIA",
    "score": "3:3",
    "summary": "선발 투수 완봉승!"
  }
]