[
  {
    "date": "2025-04-10",
    "home": "삼성",
    "away": "LG",
    "score": "4:2",
    "summary": "선발 투수 완봉승!"
  },
  {
    "date": "2025-04-10",
    "home": "두산",
    "away": "롯데",
    "score": "7:2",
    "summary": "경기 중 우천취소"
  },
  {
    "date": "2025-04-10",
    "home": "SSG",
    "away": "한화",
    "score": "7:2",
    "summary": "연장 10회 접전 끝 승리!"
  },
  {
    "date": "2025-04-10",
    "home": "키움",
    "away": "KT",
    "score": "4:2",
    "summary": "선발 투수 완봉승!"
  },
  {
    "date": "2025-04-10",
    "home": "NC",
    "away": "KIA",
    "score": "7:6",
    "summary": "선발 투수 완봉승!"
  }
]