[
  {
    "date": "2025-04-15",
    "home": "삼성",
    "away": "LG",
    "score": "6:4",
    "summary": "수비 실책으로 통한의 역전패!"
  },
  {
    "date": "2025-04-15",
    "home": "두산",
    "away": "롯데",
    "score": "5:6",
    "summary": "경기 중 우천취소"
  },
  {
    "date": "2025-04-15",
    "home": "SSG",
    "away": "한화",
    "score": "4:6",
    "summary": "선발 투수 완봉승!"
  },
  {
    "date": "2025-04-15",
    "home": "키움",
    "away": "KT",
    "score": "6:2",
    "summary": "경기 중 우천취소"
  },
  {
    "date": "2025-04-15",
    "home": "NC",
    "away": "KIA",
    "score": "6:4",
    "summary": "수비 실책으로 통한의 역전패!"
  }
]