[
  {
    "date": "2025-04-02",
    "home": "삼성",
    "away": "LG",
    "score": "7:6",
    "summary": "4번 타자 홈런 포함 3안타!"
  },
  {
    "date": "2025-04-02",
    "home": "두산",
    "away": "롯데",
    "score": "3:3",
    "summary": "중심 타선 폭발, 대승!"
  },
  {
    "date": "2025-04-02",
    "home": "SSG",
    "away": "한화",
    "score": "7:5",
    "summary": "중심 타선 폭발, 대승!"
  },
  {
    "date": "2025-04-02",
    "home": "키움",
    "away": "KT",
    "score": "4:4",
    "summary": "연장 10회 접전 끝 승리!"
  },
  {
    "date": "2025-04-02",
    "home": "NC",
    "away": "KIA",
    "score": "4:6",
    "summary": "경기 중 우천취소"
  }
]