[
  {
    "date": "2025-04-25",
    "home": "삼성",
    "away": "LG",
    "score": "5:5",
    "summary": "선발 투수 완봉승!"
  },
  {
    "date": "2025-04-25",
    "home": "두산",
    "away": "롯데",
    "score": "4:5",
    "summary": "9회 역전승! 마무리의 호투!"
  },
  {
    "date": "2025-04-25",
    "home": "SSG",
    "away": "한화",
    "score": "4:3",
    "summary": "선발 투수 완봉승!"
  },
  {
    "date": "2025-04-25",
    "home": "키움",
    "away": "KT",
    "score": "4:6",
    "summary": "4번 타자 홈런 포함 3안타!"
  },
  {
    "date": "2025-04-25",
    "home": "NC",
    "away": "KIA",
    "score": "3:6",
    "summary": "경기 중 우천취소"
  }
]