[
  {
    "date": "2025-04-03",
    "home": "삼성",
    "away": "LG",
    "score": "3:2",
    "summary": "9회 역전승! 마무리의 호투!"
  },
  {
    "date": "2025-04-03",
    "home": "두산",
    "away": "롯데",
    "score": "7:3",
    "summary": "4번 타자 홈런 포함 3안타!"
  },
  {
    "date": "2025-04-03",
    "home": "SSG",
    "away": "한화",
    "score": "4:5",
    "summary": "경기 중 우천취소"
  },
  {
    "date": "2025-04-03",
    "home": "키움",
    "away": "KT",
    "score": "5:3",
    "summary": "중심 타선 폭발, 대승!"
  },
  {
    "date": "2025-04-03",
    "home": "NC",
    "away": "KIA",
    "score": "6:2",
    "summary": "중심 타선 폭발, 대승!"
  }
]