[
  {
    "date": "2025-04-17",
    "home": "삼성",
    "away": "LG",
    "score": "3:4",
    "summary": "신인 선수 데뷔전 승리 견인!"
  },
  {
    "date": "2025-04-17",
    "home": "두산",
    "away": "롯데",
    "score": "7:4",
    "summary": "신인 선수 데뷔전 승리 견인!"
  },
  {
    "date": "2025-04-17",
    "home": "SSG",
    "away": "한화",
    "score": "3:5",
    "summary": "중심 타선 폭발, 대승!"
  },
  {
    "date": "2025-04-17",
    "home": "키움",
    "away": "KT",
    "score": "7:5",
    "summary": "수비 실책으로 통한의 역전패!"
  },
  {
    "date": "2025-04-17",
    "home": "NC",
    "away": "KIA",
    "score": "4:4",
    "summary": "중심 타선 폭발, 대승!"
  }
]