[
  {
    "date": "2025-04-27",
    "home": "삼성",
    "away": "LG",
    "score": "5:2",
    "summary": "경기 중 우천취소"
  },
  {
    "date": "2025-04-27",
    "home": "두산",
    "away": "롯데",
    "score": "3:5",
    "summary": "수비 실책으로 통한의 역전패!"
  },
  {
    "date": "2025-04-27",
    "home": "SSG",
    "away": "한화",
    "score": "3:6",
    "summary": "신인 선수 데뷔전 승리 견인!"
  },
  {
    "date": "2025-04-27",
    "home": "키움",
    "away": "KT",
    "score": "7:4",
    "summary": "9회 역전승! 마무리의 호투!"
  },
  {
    "date": "2025-04-27",
    "home": "NC",
    "away": "KIA",
    "score": "6:4",
    "summary": "4번 타자 홈런 포함 3안타!"
  }
]