[
  {
    "date": "2025-04-05",
    "home": "삼성",
    "away": "LG",
    "score": "4:4",
    "summary": "중심 타선 폭발, 대승!"
  },
  {
    "date": "2025-04-05",
    "home": "두산",
    "away": "롯데",
    "score": "6:6",
    "summary": "선발 투수 완봉승!"
  },
  {
    "date": "2025-04-05",
    "home": "SSG",
    "away": "한화",
    "score": "5:4",
    "summary": "9회 역전승! 마무리의 호투!"
  },
  {
    "date": "2025-04-05",
    "home": "키움",
    "away": "KT",
    "score": "3:4",
    "summary": "4번 타자 홈런 포함 3안타!"
  },
  {
    "date": "2025-04-05",
    "home": "NC",
    "away": "KIA",
    "score": "4:4",
    "summary": "수비 실책으로 통한의 역전패!"
  }
]