[
  {
    "date": "2025-04-26",
    "home": "삼성",
    "away": "LG",
    "score": "4:2",
    "summary": "신인 선수 데뷔전 승리 견인!"
  },
  {
    "date": "2025-04-26",
    "home": "두산",
    "away": "롯데",
    "score": "4:4",
    "summary": "4번 타자 홈런 포함 3안타!"
  },
  {
    "date": "2025-04-26",
    "home": "SSG",
    "away": "한화",
    "score": "5:6",
    "summary": "연장 10회 접전 끝 승리!"
  },
  {
    "date": "2025-04-26",
    "home": "키움",
    "away": "KT",
    "score": "3:3",
    "summary": "9회 역전승! 마무리의 호투!"
  },
  {
    "date": "2025-04-26",
    "home": "NC",
    "away": "KIA",
    "score": "3:2",
    "summary": "신인 선수 데뷔전 승리 견인!"
  }
]