[
  {
    "date": "2025-04-23",
    "home": "삼성",
    "away": "LG",
    "score": "5:6",
    "summary": "중심 타선 폭발, 대승!"
  },
  {
    "date": "2025-04-23",
    "home": "두산",
    "away": "롯데",
    "score": "6:4",
    "summary": "선발 투수 완봉승!"
  },
  {
    "date": "2025-04-23",
    "home": "SSG",
    "away": "한화",
    "score": "5:6",
    "summary": "경기 중 우천취소"
  },
  {
    "date": "2025-04-23",
    "home": "키움",
    "away": "KT",
    "score": "7:5",
    "summary": "4번 타자 홈런 포함 3안타!"
  },
  {
    "date": "2025-04-23",
    "home": "NC",
    "away": "KIA",
    "score": "7:5",
    "summary": "선발 투수 완봉승!"
  }
]