[
  {
    "date": "2025-04-22",
    "home": "삼성",
    "away": "LG",
    "score": "3:6",
    "summary": "4번 타자 홈런 포함 3안타!"
  },
  {
    "date": "2025-04-22",
    "home": "두산",
    "away": "롯데",
    "score": "7:2",
    "summary": "4번 타자 홈런 포함 3안타!"
  },
  {
    "date": "2025-04-22",
    "home": "SSG",
    "away": "한화",
    "score": "4:3",
    "summary": "9회 역전승! 마무리의 호투!"
  },
  {
    "date": "2025-04-22",
    "home": "키움",
    "away": "KT",
    "score": "7:4",
    "summary": "연장 10회 접전 끝 승리!"
  },
  {
    "date": "2025-04-22",
    "home": "NC",
    "away": "KIA",
    "score": "7:5",
    "summary": "경기 중 우천취소"
  }
]