[
  {
    "date": "2025-04-04",
    "home": "삼성",
    "away": "LG",
    "score": "3:5",
    "summary": "중심 타선 폭발, 대승!"
  },
  {
    "date": "2025-04-04",
    "home": "두산",
    "away": "롯데",
    "score": "7:4",
    "summary": "연장 10회 접전 끝 승리!"
  },
  {
    "date": "2025-04-04",
    "home": "SSG",
    "away": "한화",
    "score": "4:2",
    "summary": "신인 선수 데뷔전 승리 견인!"
  },
  {
    "date": "2025-04-04",
    "home": "키움",
    "away": "KT",
    "score": "5:3",
    "summary": "4번 타자 홈런 포함 3안타!"
  },
  {
    "date": "2025-04-04",
    "home": "NC",
    "away": "KIA",
    "score": "3:6",
    "summary": "선발 투수 완봉승!"
  }
]